Campaign,Channel,Spend,Revenue,Clicks,Conversions
Mega Discount,Google,14597,34713,8857.0,182
New Launch,LinkedIn,6338,14509,6570.0,255
Festive Blast,LinkedIn,17423,35942,8826.0,639
Festive Blast,LinkedIn,3643,28120,1650.0,619
Festive Blast,Instagram,10700,20467,6239.0,800
Winter Offer,LinkedIn,5923,26376,1860.0,380
Winter Offer,Instagram,8793,15925,8995.0,119
Winter Offer,Google,15232,21501,2864.0,143
Festive Blast,Google,17571,30620,3155.0,108
Festive Blast,LinkedIn,6828,12632,2090.0,275
Winter Offer,LinkedIn,9755,12861,5164.0,484
Mega Discount,Google,6745,29424,8438.0,104
Festive Blast,Google,15910,30646,9048.0,163
New Launch,LinkedIn,14869,35834,7768.0,290
Summer Sale,Google,14805,33534,6379.0,768
Winter Offer,Instagram,7076,13949,725.0,405
New Launch,Instagram,18991,22712,3870.0,136
New Launch,Facebook,7757,21314,956.0,502
Mega Discount,Instagram,7917,32608,8874.0,475
Winter Offer,Instagram,3674,22049,6535.0,308
New Launch,Google,9778,14211,8268.0,168
New Launch,Facebook,17793,23991,1259.0,127
New Launch,Google,17750,37439,8813.0,302
Winter Offer,LinkedIn,14215,34326,8909.0,451
Festive Blast,Instagram,10811,21467,8948.0,547
Summer Sale,Instagram,10106,31975,8880.0,179
Festive Blast,Google,8706,28184,9331.0,697
Festive Blast,Facebook,16267,30015,7075.0,286
New Launch,LinkedIn,13693,36783,2409.0,776
New Launch,Instagram,3282,25560,3164.0,696
Festive Blast,Google,14352,32694,7792.0,396
Festive Blast,Facebook,16384,39052,5967.0,413
Festive Blast,Google,11547,23401,4886.0,60
New Launch,Facebook,7893,32038,1421.0,427
Mega Discount,Google,8913,32610,5499.0,448
New Launch,Instagram,6138,25783,7133.0,454
Summer Sale,Instagram,18487,33046,4018.0,369
Festive Blast,Instagram,13736,19313,9819.0,743
Mega Discount,Facebook,7944,12190,4899.0,485
Mega Discount,Facebook,15276,29802,9896.0,724
Summer Sale,Google,18069,37727,1785.0,643
Festive Blast,LinkedIn,16797,24144,2190.0,177
Mega Discount,LinkedIn,3937,8187,8221.0,361
Summer Sale,LinkedIn,12421,28660,8605.0,208
Mega Discount,LinkedIn,11319,19071,1911.0,612
New Launch,LinkedIn,10458,30758,9834.0,429
New Launch,Facebook,2512,10654,1895.0,505
Mega Discount,LinkedIn,13597,20481,8386.0,149
Mega Discount,Google,9155,22967,6497.0,760
Winter Offer,Instagram,19728,25368,6674.0,51
New Launch,Google,16237,33965,,318
New Launch,Google,17065,25626,5723.0,719
Winter Offer,Google,10631,17236,2425.0,772
Festive Blast,Instagram,10408,22242,1103.0,586
Mega Discount,Google,9229,16193,8767.0,409
Mega Discount,Instagram,7744,22730,7295.0,97
Mega Discount,Facebook,8756,28981,3462.0,417
Summer Sale,Instagram,13829,17396,6949.0,181
Winter Offer,Facebook,3252,24623,5924.0,719
Winter Offer,Facebook,16753,30749,698.0,254
Winter Offer,Google,5690,15487,3291.0,778
Festive Blast,Facebook,3280,18640,5401.0,90
Winter Offer,Facebook,11905,17020,980.0,636
Mega Discount,Instagram,17231,28206,6733.0,597
Winter Offer,Instagram,6335,18304,6002.0,332
Winter Offer,Instagram,6021,10871,7761.0,129
Summer Sale,LinkedIn,9842,20792,8561.0,583
Summer Sale,Instagram,14279,37641,883.0,755
Summer Sale,Google,5720,28100,3128.0,77
Winter Offer,LinkedIn,3855,11674,1238.0,244
New Launch,LinkedIn,13336,26539,799.0,658
Festive Blast,Instagram,16039,39925,1486.0,561
Summer Sale,Instagram,12629,30181,1090.0,650
New Launch,LinkedIn,16289,28077,1023.0,565
Summer Sale,LinkedIn,16359,31090,9720.0,555
Mega Discount,Facebook,10471,18208,6153.0,405
Mega Discount,Facebook,10500,15911,5976.0,251
New Launch,Instagram,17549,41864,6515.0,162
New Launch,LinkedIn,11728,23397,8087.0,385
Summer Sale,Facebook,11791,26104,1556.0,118
Mega Discount,Instagram,3154,17453,2444.0,128
Summer Sale,Facebook,16175,23899,1951.0,383
New Launch,Google,11919,34320,8935.0,589
Mega Discount,Facebook,5867,14178,6109.0,752
New Launch,Google,3084,17453,4373.0,499
Winter Offer,LinkedIn,18713,29954,6316.0,600
Festive Blast,LinkedIn,19920,34416,7815.0,545
Summer Sale,Instagram,7146,17698,3557.0,711
Festive Blast,LinkedIn,2951,17035,2038.0,189
New Launch,Facebook,18219,41329,3568.0,141
Winter Offer,Facebook,7293,30104,,294
Summer Sale,Google,10317,32049,3925.0,660
Mega Discount,Google,6870,25280,5364.0,582
Winter Offer,Facebook,12505,17294,9692.0,391
Festive Blast,Instagram,7031,29838,8981.0,174
Mega Discount,Google,8799,25759,6493.0,311
Festive Blast,Google,6688,28748,6487.0,670
Summer Sale,Instagram,4855,29812,6865.0,472
Summer Sale,LinkedIn,7495,31771,5875.0,578
Mega Discount,LinkedIn,18938,42136,4014.0,318
New Launch,Instagram,3834,10499,9914.0,673
New Launch,Instagram,14836,26633,1994.0,480
New Launch,Facebook,14373,28300,3824.0,534
Winter Offer,Google,12517,22437,9002.0,230
Summer Sale,Instagram,13868,30723,3602.0,230
Festive Blast,Facebook,17882,40367,629.0,220
Mega Discount,Google,9320,15364,6660.0,221
Mega Discount,Google,3329,21151,5480.0,707
Festive Blast,LinkedIn,14169,29382,5458.0,129
Summer Sale,LinkedIn,9101,24307,5811.0,459
Festive Blast,Google,12943,19742,4642.0,296
Winter Offer,Google,18683,28787,9101.0,409
Festive Blast,Google,10483,31197,1505.0,722
Festive Blast,Instagram,5195,20898,8780.0,189
Mega Discount,LinkedIn,15715,26326,3416.0,749
New Launch,Instagram,19316,36866,5160.0,644
Festive Blast,Facebook,19247,32331,9878.0,523
Mega Discount,Google,9911,15230,3219.0,374
New Launch,Facebook,18813,35980,2739.0,617
New Launch,Facebook,2583,16120,4963.0,79
Summer Sale,Google,17859,25272,8208.0,619
Festive Blast,LinkedIn,8470,17209,4422.0,302
Mega Discount,Instagram,15254,27133,4119.0,718
New Launch,Facebook,18131,42361,3554.0,633
Summer Sale,Google,16126,21472,6560.0,495
Festive Blast,Instagram,3215,7887,9884.0,617
Winter Offer,Google,6683,22622,795.0,580
New Launch,Instagram,9112,23255,4518.0,173
New Launch,Google,11968,28227,675.0,83
Summer Sale,Facebook,5692,14976,7693.0,177
Summer Sale,Google,9348,26914,3148.0,67
Winter Offer,Google,2033,6872,2456.0,576
Festive Blast,Google,2724,16582,634.0,306
Summer Sale,Facebook,2153,14358,6661.0,511
Summer Sale,Facebook,16809,37301,3536.0,595
Summer Sale,LinkedIn,12605,15881,,428
New Launch,Google,12800,37555,4981.0,632
Summer Sale,LinkedIn,16423,37620,8660.0,503
Festive Blast,LinkedIn,16836,27474,2695.0,107
Mega Discount,Instagram,9306,14486,3051.0,87
Winter Offer,Google,17612,28458,8057.0,508
Winter Offer,Instagram,9191,30989,1063.0,458
Mega Discount,LinkedIn,13858,17029,3102.0,208
Mega Discount,Google,14355,25785,1513.0,635
Winter Offer,Google,4664,9672,5728.0,761
New Launch,Facebook,2558,10875,803.0,260
New Launch,Facebook,18399,33126,1006.0,522
Winter Offer,LinkedIn,8076,25268,1740.0,493
Summer Sale,LinkedIn,8507,12745,9219.0,139
New Launch,LinkedIn,14048,30572,8065.0,605
Mega Discount,Facebook,16390,25029,6541.0,503
Winter Offer,Facebook,7511,28496,2068.0,516
Festive Blast,LinkedIn,19739,38385,1295.0,450
Festive Blast,Instagram,4751,28711,4909.0,293
Festive Blast,LinkedIn,5410,28140,7958.0,611
Summer Sale,Instagram,17433,21539,,273
New Launch,LinkedIn,14455,22464,3977.0,691
Winter Offer,Instagram,17156,34719,8395.0,172
Festive Blast,LinkedIn,15770,38272,1456.0,395
Summer Sale,Instagram,8486,20647,5741.0,746
Festive Blast,Facebook,10150,22007,4140.0,507
Winter Offer,LinkedIn,12516,22095,5827.0,145
Winter Offer,Instagram,9292,28215,7086.0,541
Summer Sale,Google,4910,16494,6743.0,622
Mega Discount,Instagram,10967,28389,8240.0,163
Summer Sale,LinkedIn,6177,28500,9982.0,70
Mega Discount,LinkedIn,18658,42379,6749.0,198
Mega Discount,LinkedIn,7338,12639,8100.0,285
Winter Offer,Instagram,17652,24728,5070.0,244
Summer Sale,LinkedIn,3772,16267,9610.0,545
Summer Sale,Facebook,19191,37876,1445.0,326
Summer Sale,LinkedIn,3554,23269,3986.0,617
Festive Blast,LinkedIn,10972,22045,7862.0,475
New Launch,Facebook,11372,30399,1517.0,189
Winter Offer,Facebook,10333,27930,2939.0,483
Festive Blast,Google,19630,26921,7207.0,173
Summer Sale,Instagram,15204,36105,1990.0,230
Summer Sale,Instagram,8696,24888,1430.0,383
New Launch,Instagram,16149,33116,3648.0,395
Winter Offer,Google,19499,25382,2400.0,511
Festive Blast,Instagram,18089,42038,4756.0,557
Mega Discount,Google,6092,23306,9459.0,581
Winter Offer,LinkedIn,11416,25631,6271.0,653
Mega Discount,LinkedIn,9032,29094,1765.0,690
Mega Discount,Instagram,3487,10342,6195.0,491
New Launch,Facebook,16346,29382,6971.0,104
Summer Sale,Facebook,17230,33994,8298.0,760
New Launch,LinkedIn,11859,35637,7851.0,622
Festive Blast,Google,16669,32968,7129.0,229
Festive Blast,LinkedIn,19821,30744,4300.0,171
New Launch,Facebook,5638,23860,,280
Winter Offer,Facebook,7594,29974,9424.0,169
Festive Blast,Instagram,2904,26985,7515.0,637
Festive Blast,Facebook,13950,27984,2713.0,406
Summer Sale,Instagram,15877,25338,4789.0,68
Winter Offer,Google,12774,19693,6470.0,130
New Launch,LinkedIn,13532,37979,5156.0,564
New Launch,Facebook,4219,21351,3768.0,260
Festive Blast,Google,8671,17227,834.0,728
Winter Offer,Facebook,9494,23936,3787.0,389
Festive Blast,Google,13837,31589,1549.0,246
Mega Discount,Facebook,10557,20910,3607.0,439
Winter Offer,Facebook,6632,14954,6567.0,77
New Launch,Facebook,4220,7509,4249.0,364
New Launch,Google,14954,28944,7059.0,731
Winter Offer,Google,10313,20619,1615.0,252
Summer Sale,Instagram,19309,39670,8063.0,387
Winter Offer,Facebook,5451,11832,6246.0,190
Festive Blast,LinkedIn,7620,25779,8930.0,404
Summer Sale,LinkedIn,11073,22131,9858.0,443
Mega Discount,Instagram,6250,19150,4787.0,140
Mega Discount,LinkedIn,10199,16035,1207.0,173
Winter Offer,Google,7187,13139,5108.0,479
Winter Offer,Instagram,15737,34971,2250.0,124
Mega Discount,LinkedIn,8064,25561,1918.0,437
Festive Blast,Facebook,3230,12234,9851.0,682
New Launch,Google,499083,37789,,165
Summer Sale,LinkedIn,16163,27290,9347.0,416
Winter Offer,Google,9420,18324,2143.0,612
Winter Offer,LinkedIn,3168,18166,1250.0,489
Summer Sale,LinkedIn,13046,18684,,129
Mega Discount,Instagram,4811,24242,8916.0,132
New Launch,Google,5175,12104,5490.0,516
Festive Blast,Google,6393,30272,2032.0,508
Winter Offer,Instagram,276139,20607,1163.0,253
Festive Blast,Instagram,16716,33130,8542.0,578
Festive Blast,Instagram,11856,33910,7882.0,635
Summer Sale,LinkedIn,6702,12299,5935.0,633
Winter Offer,Google,12766,32585,9640.0,203
Mega Discount,Instagram,2933,25917,5843.0,134
Mega Discount,Instagram,19128,42115,7291.0,399
Summer Sale,Instagram,8704,24255,9664.0,504
New Launch,Instagram,18958,42278,6941.0,275
Summer Sale,LinkedIn,11450,20567,2246.0,507
Mega Discount,Google,10920,17496,8058.0,568
Summer Sale,Instagram,11482,15366,7129.0,523
Winter Offer,LinkedIn,10787,34988,7797.0,741
Summer Sale,Instagram,7834,23718,7192.0,770
Winter Offer,Google,18564,33602,9562.0,370
Winter Offer,Facebook,12482,16467,7422.0,700
Summer Sale,LinkedIn,9411,12860,9601.0,563
New Launch,LinkedIn,2238,22669,5011.0,504
Festive Blast,Facebook,4229,21474,4451.0,147
Festive Blast,Facebook,16653,35652,5597.0,242
Summer Sale,LinkedIn,4717,17948,9951.0,590
Summer Sale,LinkedIn,4519,22049,8218.0,55
Festive Blast,LinkedIn,7908,25971,2763.0,124
New Launch,Instagram,10482,31104,6182.0,326
Mega Discount,Facebook,2465,11404,5946.0,76
Summer Sale,LinkedIn,7566,12528,9247.0,638
Winter Offer,LinkedIn,6592,20243,4515.0,229
Festive Blast,Google,2952,19346,3704.0,265
Winter Offer,LinkedIn,17841,28429,6388.0,729
Mega Discount,LinkedIn,2996,18019,8458.0,403
Summer Sale,Instagram,13437,28068,1799.0,375
Summer Sale,Google,17502,23270,6060.0,437
Winter Offer,Instagram,2607,25808,1152.0,150
Winter Offer,Facebook,19874,40370,2579.0,229
Winter Offer,Instagram,2260,5679,4174.0,437
New Launch,Google,6349,21757,3073.0,75
Festive Blast,LinkedIn,8061,31529,1400.0,123
Mega Discount,Facebook,9291,12908,4678.0,321
Festive Blast,Google,2249,17177,6328.0,702
Festive Blast,Google,16016,29708,9769.0,468
Summer Sale,Instagram,7433,19460,4288.0,777
Mega Discount,Instagram,15395,34268,2845.0,154
Festive Blast,LinkedIn,3958,17535,3662.0,475
Winter Offer,Instagram,14365,36725,5720.0,468
Winter Offer,Facebook,7164,27575,2999.0,364
Festive Blast,Google,10271,29610,7702.0,796
Winter Offer,Google,17248,41630,4396.0,444
New Launch,Google,19152,39072,8362.0,505
Festive Blast,Instagram,16259,33235,5017.0,716
Festive Blast,Facebook,4933,8286,2346.0,55
Winter Offer,Google,2908,18364,8745.0,62
Summer Sale,LinkedIn,14974,18284,5292.0,167
Festive Blast,Instagram,5519,12962,2521.0,770
Festive Blast,Instagram,8392,31684,8813.0,495
Winter Offer,Instagram,9383,17682,2352.0,663
Summer Sale,Facebook,7270,16496,8504.0,148
Summer Sale,Facebook,11935,20178,,569
Winter Offer,LinkedIn,18263,29507,8805.0,473
New Launch,Facebook,6441,10134,7650.0,741
Mega Discount,Instagram,8048,14128,1192.0,512
Mega Discount,Google,2292,20204,5290.0,540
Festive Blast,LinkedIn,14706,22954,5710.0,386
Winter Offer,LinkedIn,14836,36268,6028.0,569
Summer Sale,Facebook,14680,37871,4591.0,414
New Launch,Google,19585,27129,5032.0,577
Winter Offer,Facebook,11131,30573,2116.0,328
Mega Discount,Google,12120,22973,9162.0,115
New Launch,Instagram,16683,26870,635.0,693
Summer Sale,Instagram,2219,15980,9843.0,770
Festive Blast,Instagram,8829,18874,1119.0,131
Winter Offer,Google,19216,39693,9287.0,682
Summer Sale,Instagram,17497,31963,7137.0,174
Festive Blast,Facebook,17326,21445,9876.0,357
Mega Discount,Google,17720,29136,3955.0,446
Summer Sale,Google,12735,36619,9974.0,651
Festive Blast,Google,5933,23870,535.0,766
Summer Sale,LinkedIn,4994,23971,4973.0,239
Mega Discount,LinkedIn,8011,30975,7706.0,550
Summer Sale,Instagram,2173,20907,8916.0,314
Summer Sale,Instagram,11561,22845,7882.0,740
Winter Offer,LinkedIn,6041,17204,4560.0,313
Mega Discount,Facebook,16171,19719,1835.0,217
Festive Blast,Google,12022,26773,2473.0,332
Mega Discount,Google,11021,21516,9663.0,570
New Launch,Instagram,9794,24768,6931.0,653
New Launch,LinkedIn,17489,34517,5687.0,156
Mega Discount,Instagram,121756,26039,1147.0,774
New Launch,LinkedIn,3668,24638,8214.0,210
Winter Offer,Instagram,17878,32832,6527.0,302
Summer Sale,Instagram,8103,17875,5387.0,264
New Launch,LinkedIn,16884,28499,4514.0,602
Winter Offer,Google,13470,17124,1225.0,527
Winter Offer,LinkedIn,14176,29101,1609.0,207
Mega Discount,LinkedIn,19941,36642,5720.0,166
Mega Discount,Facebook,19682,32080,5883.0,500
Mega Discount,LinkedIn,16261,30539,6912.0,318
Winter Offer,Google,12655,35539,7345.0,501
Mega Discount,Google,19141,40089,9527.0,230
Festive Blast,Facebook,19615,31609,,420
Mega Discount,Google,12034,28354,4749.0,208
Mega Discount,Facebook,12711,21158,8205.0,335
Winter Offer,Facebook,9122,28103,7491.0,757
Winter Offer,Google,16630,31504,8467.0,359
New Launch,LinkedIn,9461,22912,9597.0,733
Mega Discount,Facebook,13875,29075,6541.0,429
Winter Offer,LinkedIn,7179,21106,3493.0,225
Winter Offer,Facebook,7294,28452,1227.0,401
Winter Offer,Google,10446,19262,7430.0,448
Winter Offer,LinkedIn,12043,31451,6708.0,626
New Launch,LinkedIn,5395,13508,9609.0,600
Summer Sale,LinkedIn,6538,13178,4212.0,473
Festive Blast,Instagram,15618,26895,4521.0,761
New Launch,Facebook,11883,36319,5502.0,415
Festive Blast,Instagram,7877,18173,800.0,366
Summer Sale,Facebook,2385,14981,3743.0,400
Summer Sale,Instagram,6639,14045,2950.0,658
Summer Sale,Facebook,3743,28722,,236
Summer Sale,LinkedIn,18825,29339,4577.0,628
Mega Discount,Google,17715,28266,7516.0,561
Winter Offer,Facebook,3947,20158,9279.0,279
Summer Sale,Instagram,2696,26690,515.0,255
Winter Offer,LinkedIn,10085,28280,3949.0,787
Festive Blast,LinkedIn,5869,30120,3067.0,643
New Launch,Instagram,7621,26406,3153.0,667
Summer Sale,Instagram,15489,18802,7385.0,125
Winter Offer,LinkedIn,7640,15825,4573.0,666
Festive Blast,Instagram,12904,17868,4757.0,61
Mega Discount,Instagram,4353,28378,9868.0,567
New Launch,Facebook,13774,29882,7234.0,189
New Launch,Facebook,3880,20940,588.0,568
Festive Blast,LinkedIn,9006,15013,2135.0,608
Festive Blast,LinkedIn,19840,37023,3108.0,676
Mega Discount,LinkedIn,17663,36802,3549.0,472
Mega Discount,Instagram,2749,6653,2376.0,721
Mega Discount,LinkedIn,18293,35653,6230.0,737
Festive Blast,Facebook,11976,15633,3212.0,334
Summer Sale,Instagram,7021,31029,7375.0,576
Summer Sale,Facebook,8453,27601,9935.0,94
New Launch,Instagram,7808,16286,3596.0,139
Festive Blast,Google,7984,13414,3436.0,311
New Launch,Facebook,16856,32998,8761.0,528
Winter Offer,Google,10346,28140,4515.0,385
Festive Blast,Instagram,7861,19024,4269.0,221
Festive Blast,LinkedIn,18586,28335,7205.0,795
Winter Offer,Facebook,9695,31232,560.0,158
Summer Sale,Google,16373,20679,7393.0,412
Winter Offer,Facebook,18702,38096,7357.0,63
Mega Discount,Instagram,18864,39790,2522.0,136
Winter Offer,LinkedIn,14639,25075,1902.0,642
Festive Blast,LinkedIn,8995,25233,2446.0,701
Mega Discount,Google,18019,36393,1943.0,759
Winter Offer,Instagram,6575,13742,1908.0,463
Mega Discount,Facebook,15694,19874,6514.0,720
Mega Discount,Google,7201,29242,8507.0,131
Mega Discount,Instagram,4265,15326,7609.0,102
New Launch,Google,4326,24191,7807.0,236
Summer Sale,Google,11953,25583,3913.0,468
Mega Discount,Instagram,6113,27422,9085.0,508
Summer Sale,Instagram,5672,25820,9106.0,132
Festive Blast,LinkedIn,9590,13648,5247.0,182
Summer Sale,Facebook,19482,23295,2403.0,419
Mega Discount,LinkedIn,6125,27640,7643.0,325
Mega Discount,LinkedIn,13163,27373,9474.0,57
New Launch,Instagram,18015,31627,5363.0,798
Summer Sale,Facebook,19194,33409,4977.0,274
Summer Sale,Instagram,3397,16533,7055.0,207
New Launch,Google,9693,27530,3897.0,343
New Launch,Facebook,6703,12714,6973.0,337
Festive Blast,Instagram,7743,31605,4533.0,184
Summer Sale,Instagram,8305,22579,4451.0,455
New Launch,Instagram,17301,32264,4185.0,630
Festive Blast,LinkedIn,4870,23582,5212.0,639
Mega Discount,Instagram,18833,39294,6416.0,61
Mega Discount,LinkedIn,15973,38361,3784.0,566
New Launch,LinkedIn,9335,20845,8391.0,265
Mega Discount,Google,3436,28210,6730.0,216
Mega Discount,Google,18700,33720,4026.0,763
Winter Offer,LinkedIn,15382,35440,8079.0,268
Mega Discount,Instagram,19767,41180,8854.0,160
Winter Offer,Instagram,11238,17461,4864.0,777
Festive Blast,LinkedIn,4320,11525,873.0,596
New Launch,Facebook,13918,35808,6374.0,780
Winter Offer,Instagram,3746,14113,9284.0,96
Winter Offer,Facebook,6902,15985,7835.0,260
Winter Offer,LinkedIn,9112,13316,1811.0,630
Winter Offer,Facebook,10739,31752,4522.0,705
New Launch,LinkedIn,2535,22665,3037.0,744
Summer Sale,Google,2403,26952,5008.0,559
Mega Discount,Google,17149,36667,4754.0,545
Summer Sale,Facebook,17211,31509,4376.0,699
Summer Sale,Instagram,3351,7253,5804.0,209
New Launch,Facebook,11070,17277,1415.0,452
Summer Sale,Facebook,3674,8233,1666.0,231
New Launch,Facebook,16989,39073,5600.0,549
New Launch,Instagram,14617,22355,7224.0,731
Festive Blast,Facebook,12744,31378,5362.0,483
Summer Sale,Google,12754,35742,4401.0,600
Summer Sale,Facebook,2630,21740,8434.0,466
New Launch,Google,6889,13494,2430.0,80
Winter Offer,Google,8048,30556,6873.0,348
Mega Discount,LinkedIn,11772,19963,9543.0,325
Festive Blast,LinkedIn,5611,25619,3859.0,599
Mega Discount,LinkedIn,15908,34089,6833.0,107
Summer Sale,Instagram,5744,8925,2176.0,773
Winter Offer,LinkedIn,13851,35293,9498.0,636
New Launch,Instagram,2272,14557,2597.0,475
Festive Blast,Facebook,14667,30180,929.0,119
Summer Sale,LinkedIn,12301,31406,5833.0,284
New Launch,LinkedIn,12587,26596,6307.0,744
Summer Sale,Facebook,17686,27377,9137.0,753
Festive Blast,Facebook,14749,21633,6967.0,687
New Launch,Google,19337,23948,577.0,555
Mega Discount,LinkedIn,9850,28899,5099.0,682
Summer Sale,LinkedIn,11512,21901,4517.0,424
Festive Blast,Instagram,12894,29113,7539.0,278
Festive Blast,Google,13408,35514,8859.0,181
Mega Discount,Google,9614,19391,3761.0,490
Mega Discount,Facebook,4809,8646,,91
Summer Sale,LinkedIn,9549,17260,1043.0,652
Winter Offer,LinkedIn,19198,28015,3731.0,423
New Launch,Instagram,11468,16599,9161.0,160
Winter Offer,LinkedIn,17912,23040,2216.0,146
New Launch,Google,16740,41029,8089.0,502
Festive Blast,LinkedIn,8587,11822,1976.0,769
New Launch,Google,4030,10278,5582.0,618
Summer Sale,Google,7282,29539,7429.0,70
Summer Sale,LinkedIn,2630,15110,1023.0,178
Summer Sale,LinkedIn,6587,12283,2132.0,649
Summer Sale,Instagram,7032,11827,3594.0,93
New Launch,Facebook,10441,25501,6589.0,712
Summer Sale,Instagram,13158,27058,7410.0,385
New Launch,Instagram,7930,11309,2356.0,619
Winter Offer,Instagram,5195,12210,6231.0,268
Winter Offer,Facebook,12756,15756,7462.0,150
Festive Blast,Google,8536,22822,8094.0,726
Summer Sale,Instagram,3747,25812,6809.0,304
Mega Discount,Instagram,11627,16504,3270.0,163
Summer Sale,Instagram,9124,28797,8813.0,361
Summer Sale,Google,5789,28045,3090.0,277
Summer Sale,LinkedIn,18085,41861,2090.0,259
Mega Discount,Facebook,9092,16252,6119.0,80
Festive Blast,Facebook,9719,25449,2161.0,652
Festive Blast,LinkedIn,14692,17799,6210.0,496
Winter Offer,Facebook,2958,20490,5054.0,302
Summer Sale,Google,5956,29571,1554.0,490
New Launch,LinkedIn,12407,27636,7425.0,309
Winter Offer,Instagram,17346,30481,9143.0,761
Summer Sale,Instagram,16332,23804,2277.0,125
Mega Discount,Instagram,3736,21397,4404.0,225
Summer Sale,Instagram,7502,25457,3470.0,666
Summer Sale,Instagram,5886,27793,8894.0,209
New Launch,Facebook,13633,33006,2861.0,415
Summer Sale,Instagram,18685,28524,7089.0,361
Mega Discount,LinkedIn,18767,36400,7412.0,195
Mega Discount,Facebook,16449,28814,2179.0,373
Festive Blast,LinkedIn,8578,19066,2013.0,494
Summer Sale,Instagram,4175,26701,3037.0,183
Mega Discount,Google,11448,14540,2923.0,752
Winter Offer,Instagram,17102,37397,6407.0,656
Summer Sale,Facebook,7454,27354,1564.0,392
New Launch,Facebook,6555,20293,9208.0,678
Summer Sale,Facebook,4726,15227,1372.0,710
Mega Discount,Instagram,19064,43919,9570.0,142
New Launch,Facebook,9749,33584,1594.0,456
New Launch,Instagram,13132,33355,4457.0,419
Winter Offer,Facebook,4159,21308,3368.0,350
Summer Sale,Facebook,11610,35569,7028.0,280
Summer Sale,Facebook,7433,22497,2799.0,134
Summer Sale,Facebook,5207,16532,1126.0,514
Winter Offer,Facebook,10372,20035,3983.0,511
Winter Offer,Google,18191,38309,4567.0,220
Mega Discount,Facebook,15615,28186,1929.0,664
Summer Sale,Instagram,15704,27000,3500.0,523
Festive Blast,Google,11812,31174,8351.0,612
New Launch,Facebook,9143,14165,6871.0,390
Mega Discount,Google,15073,37971,2953.0,368
Mega Discount,Instagram,18539,28423,9377.0,95
Summer Sale,Instagram,9546,29824,8025.0,475
New Launch,Google,9569,19309,1077.0,644
Festive Blast,Instagram,6460,17662,7822.0,573
Summer Sale,Instagram,2300,22117,2733.0,178
New Launch,Google,5035,18524,7146.0,656
Mega Discount,Instagram,12406,26940,9616.0,228
Festive Blast,LinkedIn,13623,37357,3827.0,104
Summer Sale,LinkedIn,4830,24895,5083.0,165
Summer Sale,Facebook,4777,29673,3464.0,769
Winter Offer,LinkedIn,19256,39301,6737.0,255
Festive Blast,LinkedIn,2198,25840,2803.0,407
Festive Blast,Google,18586,41826,2057.0,228
Festive Blast,Instagram,15023,38004,4228.0,769
Summer Sale,Google,12784,34302,5139.0,124
New Launch,Google,11944,25856,9145.0,531
Winter Offer,Instagram,18647,34671,815.0,351
Summer Sale,Instagram,6892,23735,8788.0,748
Summer Sale,Instagram,11138,20146,6672.0,212
New Launch,Facebook,6993,18720,4214.0,229
Mega Discount,Google,3526,8389,4470.0,589
New Launch,LinkedIn,5122,8415,4073.0,709
New Launch,LinkedIn,10456,14773,5953.0,785
Winter Offer,Facebook,19324,30369,5585.0,165
Festive Blast,Google,5286,22344,2455.0,308
Summer Sale,Instagram,16719,21221,5168.0,252
Festive Blast,Instagram,10342,18033,3688.0,621
Festive Blast,Google,7173,17884,8076.0,232
Summer Sale,Instagram,11024,33140,5310.0,125
Mega Discount,LinkedIn,9978,15223,2650.0,432
Festive Blast,LinkedIn,5086,21657,5879.0,268
Festive Blast,Google,14248,26810,4501.0,494
Winter Offer,Facebook,6938,21526,5941.0,255
Summer Sale,Facebook,4402,14473,,452
Festive Blast,Facebook,14196,31998,6002.0,668
New Launch,Facebook,18470,37601,731.0,115
Winter Offer,LinkedIn,17103,23019,5957.0,430
Summer Sale,Facebook,9464,19692,5782.0,625
Winter Offer,Instagram,9732,25362,840.0,409
Festive Blast,Facebook,8406,24353,6573.0,616
Winter Offer,Facebook,19733,43221,3175.0,260
Mega Discount,Instagram,6914,20401,6513.0,487
Winter Offer,Instagram,2886,6156,6909.0,104
Summer Sale,LinkedIn,9017,20702,2727.0,99
Festive Blast,Google,16432,36967,4996.0,386
Festive Blast,LinkedIn,12324,26714,5683.0,477
Winter Offer,Facebook,14361,36407,4676.0,444
Summer Sale,Instagram,12738,26136,1109.0,496
New Launch,Google,18102,25214,6633.0,187
Mega Discount,LinkedIn,16700,20432,8381.0,122
Winter Offer,Facebook,17703,39734,6708.0,672
Mega Discount,Facebook,17631,28360,7029.0,703
Festive Blast,LinkedIn,16461,21402,3414.0,162
Winter Offer,Instagram,6792,20364,1142.0,317
Summer Sale,Google,10683,24116,2121.0,426
Festive Blast,Instagram,8311,21654,1346.0,660
Festive Blast,Facebook,14033,20266,7840.0,167
Summer Sale,LinkedIn,19767,25398,8437.0,536
Summer Sale,Instagram,15577,31906,1534.0,65
Festive Blast,Google,17754,30793,3708.0,782
Mega Discount,LinkedIn,18574,37051,5616.0,393
Festive Blast,Facebook,4449,10721,1828.0,651
Mega Discount,Instagram,11680,19265,9187.0,688
Summer Sale,Instagram,2285,17864,4454.0,684
Winter Offer,Instagram,6002,9644,7295.0,456
New Launch,Facebook,18777,36677,4567.0,568
Mega Discount,LinkedIn,17289,39183,7446.0,770
Mega Discount,Google,10623,28001,8672.0,166
Festive Blast,LinkedIn,8007,21435,2489.0,574
Festive Blast,Facebook,19738,43429,675.0,280
Festive Blast,Google,2116,5411,2201.0,446
New Launch,LinkedIn,14666,30478,3269.0,750
New Launch,Instagram,19952,37178,5718.0,462
New Launch,Google,7229,16492,4906.0,83
Festive Blast,Facebook,17642,41205,9302.0,733
Festive Blast,Instagram,7233,24364,7369.0,99
New Launch,LinkedIn,6974,31273,4694.0,579
Mega Discount,Facebook,7326,20949,3110.0,473
Mega Discount,Instagram,16110,30783,3024.0,503
New Launch,Google,19358,24133,3690.0,514
Summer Sale,Instagram,8708,15588,8725.0,366
New Launch,Instagram,10240,19553,6073.0,489
Winter Offer,LinkedIn,13334,18945,1791.0,455
Mega Discount,Facebook,11642,25357,2218.0,735
Festive Blast,Google,7314,26288,7530.0,382
New Launch,Google,11607,24039,6848.0,587
Festive Blast,LinkedIn,5934,18374,3686.0,476
Winter Offer,Google,5426,25165,4289.0,222
New Launch,LinkedIn,8371,15530,5303.0,80
Mega Discount,Google,18375,36074,7001.0,660
Mega Discount,LinkedIn,13431,17616,8187.0,578
Mega Discount,Google,7200,22132,9434.0,564
Summer Sale,LinkedIn,13910,24123,8459.0,791
Winter Offer,Instagram,9349,15950,6536.0,719
New Launch,Facebook,14795,25950,7720.0,627
Winter Offer,Facebook,14875,33049,4224.0,150
New Launch,Google,5080,29868,4652.0,319
New Launch,Google,15958,21572,3268.0,137
Festive Blast,LinkedIn,5049,24277,7424.0,565
New Launch,Facebook,3610,22422,938.0,182
Festive Blast,Google,3418,12587,5756.0,326
Mega Discount,Google,2680,14316,1284.0,235
New Launch,LinkedIn,11413,34859,6365.0,434
Festive Blast,Google,8722,28175,1239.0,238
Festive Blast,LinkedIn,7560,11538,5295.0,108
Mega Discount,Instagram,16703,32955,6028.0,277
New Launch,Google,18270,34037,8027.0,506
Mega Discount,Google,9989,24678,4911.0,251
Winter Offer,Instagram,18795,25627,5003.0,345
Summer Sale,LinkedIn,15134,28539,771.0,380
New Launch,Instagram,11769,35238,2130.0,686
Summer Sale,LinkedIn,3069,14783,6305.0,750
Festive Blast,Facebook,3257,24860,2980.0,153
New Launch,Google,8704,25919,3523.0,332
Winter Offer,Google,8695,26308,9517.0,296
Winter Offer,Facebook,16919,26991,1756.0,508
Mega Discount,Google,14660,31282,3775.0,764
Festive Blast,Instagram,2439,27366,4923.0,798
Festive Blast,LinkedIn,12017,24786,8091.0,660
New Launch,Instagram,11237,20653,9481.0,388
New Launch,LinkedIn,14397,21774,7402.0,784
Mega Discount,LinkedIn,18036,38350,956.0,360
Winter Offer,LinkedIn,14314,23682,7344.0,517
Winter Offer,Instagram,9321,20370,4253.0,187
New Launch,Facebook,8303,21746,8301.0,147
Festive Blast,Instagram,3044,23311,7568.0,478
Festive Blast,Facebook,17740,36618,6887.0,759
Festive Blast,Facebook,4882,22203,5210.0,527
Festive Blast,LinkedIn,5025,26242,5528.0,725
Festive Blast,Google,17378,40849,3291.0,128
Summer Sale,Instagram,10378,22887,3867.0,220
New Launch,Google,6116,31052,,793
Summer Sale,LinkedIn,13301,19853,9264.0,126
New Launch,Instagram,10927,14999,9931.0,238
New Launch,LinkedIn,2797,27360,2594.0,633
Summer Sale,LinkedIn,8882,27949,4684.0,797
Summer Sale,LinkedIn,17044,31130,1612.0,85
New Launch,Facebook,18991,38553,513.0,466
Summer Sale,LinkedIn,10186,27267,7115.0,775
New Launch,LinkedIn,10334,15044,7940.0,179
Mega Discount,Google,7373,13614,2596.0,477
Winter Offer,Instagram,13643,26634,683.0,584
Winter Offer,LinkedIn,6546,13818,3635.0,244
Festive Blast,Instagram,13155,25886,9994.0,553
Mega Discount,Google,3609,15301,2871.0,491
Festive Blast,Google,3460,14212,2877.0,540
Winter Offer,LinkedIn,14214,18861,2812.0,138
Mega Discount,Google,4757,14099,9244.0,211
Mega Discount,Instagram,16371,28770,5405.0,398
Summer Sale,Facebook,11431,15376,6912.0,253
Mega Discount,Google,2944,13068,7412.0,666
Mega Discount,Google,2249,6960,3602.0,179
Mega Discount,Instagram,2158,26837,7320.0,531
New Launch,Instagram,10082,29455,2865.0,57
Summer Sale,Facebook,10326,22356,5389.0,481
Summer Sale,Facebook,17368,32794,3979.0,798
Festive Blast,Instagram,11791,23441,9760.0,440
New Launch,LinkedIn,8673,31381,8544.0,466
Summer Sale,Instagram,4194,7281,4286.0,416
Winter Offer,Instagram,17935,31080,6921.0,483
Mega Discount,LinkedIn,14231,23753,9171.0,641
Winter Offer,Google,16247,28398,6327.0,717
Summer Sale,Instagram,9688,17366,8165.0,169
Mega Discount,Google,4003,11176,5858.0,265
Mega Discount,Instagram,7007,22977,3551.0,675
Winter Offer,Facebook,8574,12971,4138.0,542
New Launch,LinkedIn,8958,29363,8965.0,200
Mega Discount,Google,6588,18804,8304.0,587
Winter Offer,LinkedIn,7150,28198,2006.0,415
New Launch,LinkedIn,10767,20936,546.0,512
Summer Sale,Instagram,8728,27535,2772.0,127
Mega Discount,Facebook,16440,34136,1439.0,58
Mega Discount,LinkedIn,11234,18057,5006.0,616
New Launch,LinkedIn,12681,29285,8315.0,377
Mega Discount,Facebook,9757,31065,558.0,563
New Launch,Facebook,4886,12738,847.0,178
Winter Offer,LinkedIn,3684,15344,5509.0,557
Mega Discount,Instagram,2238,10915,3436.0,461
Mega Discount,Instagram,11971,18853,6205.0,612
Festive Blast,Instagram,10641,28964,2927.0,348
Winter Offer,LinkedIn,15093,24971,5156.0,424
Winter Offer,Facebook,18464,27510,3156.0,797
Summer Sale,Facebook,11331,21300,6745.0,401
Mega Discount,LinkedIn,10149,29843,6934.0,652
Festive Blast,Instagram,9793,30782,8178.0,525
Mega Discount,LinkedIn,5702,20292,1624.0,199
New Launch,Instagram,17046,34364,6008.0,133
Mega Discount,LinkedIn,18494,37969,9958.0,166
Festive Blast,Instagram,13019,23778,4242.0,441
Summer Sale,Facebook,12353,29883,8134.0,539
Mega Discount,LinkedIn,10857,15602,5630.0,677
Winter Offer,Google,16457,26943,1623.0,469
Summer Sale,Google,11546,25056,1897.0,446
Mega Discount,Facebook,11457,34207,2439.0,470
Winter Offer,Facebook,2094,13866,5895.0,691
Summer Sale,Google,2937,6608,9626.0,725
Festive Blast,Facebook,14456,33094,1781.0,440
Winter Offer,Instagram,7856,15853,9547.0,279
Mega Discount,Facebook,2993,27649,7960.0,487
Mega Discount,Google,18184,24920,6066.0,256
Festive Blast,Instagram,9609,27607,4681.0,551
Mega Discount,LinkedIn,11450,26885,9576.0,608
Mega Discount,LinkedIn,15104,28136,3786.0,285
New Launch,Instagram,2693,22735,4335.0,483
New Launch,LinkedIn,4835,15922,3397.0,490
Summer Sale,Google,5836,24326,9161.0,166
Mega Discount,Google,13403,23476,611.0,781
New Launch,Google,13524,22281,8522.0,733
Mega Discount,Google,392860,26197,8549.0,269
Mega Discount,Instagram,6818,16176,8465.0,223
Festive Blast,Instagram,2482,7309,6162.0,397
Winter Offer,Instagram,5265,19349,2824.0,604
Summer Sale,LinkedIn,16928,35120,8438.0,335
Festive Blast,Instagram,9548,26129,2453.0,460
Festive Blast,Instagram,10611,29936,2791.0,628
Mega Discount,Facebook,13417,33949,5479.0,642
Mega Discount,Google,19611,41853,3304.0,563
New Launch,Google,3151,22362,3375.0,761
Festive Blast,Facebook,10534,28596,8094.0,136
Summer Sale,Instagram,11294,15944,8408.0,329
Summer Sale,Instagram,3654,15721,6568.0,180
Mega Discount,Instagram,8603,18240,9400.0,656
Summer Sale,LinkedIn,13572,30867,3359.0,536
Summer Sale,Google,6163,19077,8295.0,288
Festive Blast,Google,3098,13543,2521.0,279
Mega Discount,Instagram,16599,27653,3628.0,665
Summer Sale,Google,16081,36128,7853.0,422
Summer Sale,Facebook,8571,32350,6619.0,417
Mega Discount,Instagram,3538,20482,1026.0,420
Summer Sale,Google,15184,24928,2837.0,299
Winter Offer,Instagram,9706,25884,4732.0,719
Mega Discount,LinkedIn,11387,15378,7080.0,333
Festive Blast,Facebook,17297,37674,6984.0,673
Mega Discount,Instagram,18189,32142,9419.0,797
Mega Discount,Instagram,6851,30915,7192.0,400
Winter Offer,Facebook,12418,22380,7666.0,461
Summer Sale,LinkedIn,8427,12618,8243.0,392
Winter Offer,Instagram,15190,28048,5494.0,50
Festive Blast,Google,2499,12345,7103.0,142
Winter Offer,Facebook,10084,21950,5794.0,684
Winter Offer,Instagram,16171,34897,3922.0,375
Mega Discount,Facebook,18874,24418,1462.0,534
New Launch,LinkedIn,9336,28084,8194.0,543
Summer Sale,Facebook,6812,23631,3669.0,251
New Launch,Instagram,3181,11862,9787.0,204
Mega Discount,Google,5932,24159,1320.0,434
New Launch,Google,8822,32395,3866.0,113
Summer Sale,Instagram,2471,22979,9803.0,735
Mega Discount,LinkedIn,3152,9957,5640.0,366
Festive Blast,LinkedIn,17187,27851,7161.0,214
Summer Sale,Instagram,17162,35627,3738.0,389
Winter Offer,Instagram,6824,12809,9355.0,435
Festive Blast,Google,19988,41605,3083.0,145
Mega Discount,Facebook,6874,25647,4714.0,328
Summer Sale,Google,16631,22143,1691.0,572
Winter Offer,LinkedIn,3935,24819,811.0,797
Mega Discount,LinkedIn,12276,22612,5502.0,140
Summer Sale,Google,8619,16528,8968.0,321
Mega Discount,Instagram,19774,32686,9955.0,780
New Launch,LinkedIn,11322,14419,4036.0,765
New Launch,LinkedIn,17288,27054,8731.0,588
Mega Discount,Instagram,8511,13525,2235.0,664
New Launch,Facebook,12590,37006,5037.0,79
Summer Sale,Instagram,6199,10310,8463.0,647
Summer Sale,Google,12568,22510,3142.0,332
Mega Discount,Google,19703,27566,6672.0,645
Festive Blast,Facebook,12147,29682,2265.0,737
New Launch,Facebook,8259,25547,1011.0,750
Mega Discount,Facebook,11147,18630,3163.0,581
Mega Discount,Instagram,14623,26515,6586.0,546
New Launch,Google,17558,22213,7494.0,713
Winter Offer,Instagram,3612,6804,6033.0,766
Mega Discount,Facebook,5661,22855,5195.0,799
New Launch,Google,12046,20917,5914.0,758
Mega Discount,Facebook,17350,28884,3606.0,181
Festive Blast,Instagram,5311,18674,4204.0,154
Festive Blast,LinkedIn,19891,41901,8105.0,667
Festive Blast,Instagram,6841,16495,6756.0,465
Winter Offer,Instagram,7491,29293,7459.0,505
Summer Sale,LinkedIn,13627,19334,8868.0,162
Winter Offer,Facebook,11920,31590,5725.0,713
Mega Discount,Google,4714,8542,5047.0,559
Mega Discount,Instagram,13397,37898,,84
Winter Offer,Instagram,8746,20625,2068.0,736
Summer Sale,Facebook,2376,15886,1662.0,64
New Launch,Instagram,14986,18891,1770.0,429
Summer Sale,Google,17768,26986,9059.0,372
Winter Offer,Google,18850,29437,6950.0,657
Winter Offer,Instagram,15390,35670,3388.0,166
Festive Blast,Instagram,17706,27044,5784.0,634
Summer Sale,Google,4081,26307,2644.0,539
Mega Discount,LinkedIn,17486,23511,9225.0,209
Summer Sale,Instagram,19305,23703,7356.0,750
Winter Offer,Google,11010,32170,8673.0,381
Summer Sale,Facebook,19359,30199,2633.0,650
Winter Offer,Facebook,2573,6308,9434.0,156
Mega Discount,Instagram,3934,19330,3115.0,751
Summer Sale,Facebook,17652,35926,855.0,786
New Launch,Instagram,4355,13135,7583.0,727
Festive Blast,Instagram,17605,34735,1747.0,520
Winter Offer,Google,2659,11038,7528.0,549
Winter Offer,Instagram,4369,17033,1493.0,233
Festive Blast,Instagram,16829,38183,9016.0,489
New Launch,Facebook,11556,18088,4310.0,284
Winter Offer,LinkedIn,12145,30283,8820.0,776
Winter Offer,LinkedIn,19391,24570,8836.0,350
Summer Sale,Facebook,10428,22313,3184.0,395
Mega Discount,Facebook,10108,34333,4763.0,258
Summer Sale,Facebook,18604,37918,5368.0,618
Mega Discount,Facebook,4449,10086,2222.0,411
Winter Offer,Facebook,3027,15881,5241.0,561
New Launch,Google,19626,41468,7873.0,100
Summer Sale,Instagram,5591,26388,,262
New Launch,LinkedIn,15277,22803,7792.0,744
New Launch,Facebook,5532,14833,8438.0,664
Winter Offer,LinkedIn,19658,36837,6811.0,514
New Launch,LinkedIn,10760,34237,7932.0,249
Winter Offer,LinkedIn,12599,32471,5254.0,704
Summer Sale,Facebook,15217,38217,9663.0,159
Festive Blast,LinkedIn,9903,34059,9056.0,102
Summer Sale,Facebook,6257,14034,7664.0,287
Festive Blast,Instagram,11645,19873,680.0,438
Mega Discount,Google,9922,25895,931.0,148
Mega Discount,Instagram,10268,22496,6314.0,627
Festive Blast,Facebook,13180,30033,6865.0,396
Summer Sale,LinkedIn,17699,32543,3424.0,392
Festive Blast,Facebook,10204,17338,8810.0,473
Winter Offer,LinkedIn,4934,19166,7035.0,742
New Launch,LinkedIn,2065,19660,8636.0,673
Festive Blast,LinkedIn,4913,22785,,182
New Launch,Facebook,14664,34436,1871.0,535
New Launch,Google,18498,33586,4509.0,519
Festive Blast,LinkedIn,13319,22695,9320.0,239
New Launch,LinkedIn,12244,29010,7805.0,140
New Launch,Facebook,16548,26102,9658.0,698
Festive Blast,Instagram,18003,22430,9637.0,781
New Launch,Instagram,18675,41513,5247.0,583
Winter Offer,LinkedIn,6110,22415,2073.0,327
Winter Offer,Instagram,14502,29999,6624.0,88
New Launch,Instagram,9743,14378,5891.0,681
Festive Blast,Facebook,4120,11173,9055.0,307
Mega Discount,Facebook,9947,18450,2400.0,333
Festive Blast,Facebook,7133,11843,2234.0,449
Mega Discount,LinkedIn,19578,42240,1951.0,631
Mega Discount,Google,4797,19423,9105.0,243
Summer Sale,LinkedIn,6217,20735,1318.0,328
Winter Offer,Instagram,16489,39764,4439.0,100
Winter Offer,Facebook,16587,25650,5522.0,691
Mega Discount,Instagram,4428,26066,927.0,662
Summer Sale,LinkedIn,14844,19681,6118.0,514
Mega Discount,LinkedIn,9716,15093,1939.0,750
Festive Blast,Google,4512,9179,5875.0,273
Mega Discount,LinkedIn,4901,29742,8960.0,486
Mega Discount,LinkedIn,14254,36821,2284.0,77
Festive Blast,Facebook,17692,21459,9941.0,537
Mega Discount,Instagram,11315,31572,4660.0,727
New Launch,Facebook,15703,27295,533.0,615
Winter Offer,LinkedIn,12736,16926,3292.0,143
Mega Discount,Facebook,5538,11095,,530
Summer Sale,Instagram,2330,23840,7168.0,363
Mega Discount,LinkedIn,9810,14077,4265.0,355
Mega Discount,Google,10104,19491,6116.0,479
Summer Sale,Facebook,4549,9033,5471.0,716
Mega Discount,LinkedIn,3353,11375,,593
New Launch,Facebook,16221,33648,4396.0,508
Winter Offer,Google,14700,35459,7330.0,779
Summer Sale,Instagram,9521,25960,2120.0,627
Summer Sale,LinkedIn,13793,28394,4334.0,123
Festive Blast,Google,13535,25346,5237.0,779
Mega Discount,LinkedIn,7451,13676,2628.0,772
Festive Blast,Google,14169,38612,6689.0,751
Summer Sale,LinkedIn,19001,23664,4033.0,536
Winter Offer,Facebook,2730,16705,7170.0,716
Mega Discount,Google,9322,24179,4404.0,786
Winter Offer,Google,278083,26412,5518.0,453
Winter Offer,Facebook,7842,23485,4506.0,627
Festive Blast,Instagram,5841,26548,7332.0,760
Winter Offer,Instagram,3875,10798,5535.0,222
Summer Sale,Instagram,10622,23737,7090.0,251
New Launch,Google,14488,33670,8362.0,790
Winter Offer,Facebook,13830,24628,4633.0,748
Summer Sale,Facebook,5903,19689,4095.0,315
Festive Blast,Facebook,19322,37305,1000.0,91
Mega Discount,Facebook,19838,37825,8601.0,714
Winter Offer,LinkedIn,19544,37982,7906.0,124
Summer Sale,Facebook,18880,25903,4580.0,120
New Launch,Facebook,12559,37062,5705.0,110
Summer Sale,Facebook,19516,29888,3921.0,546
New Launch,Instagram,19181,23591,2546.0,461
New Launch,Facebook,12533,36504,920.0,332
Festive Blast,LinkedIn,14214,32470,3558.0,528
Winter Offer,Google,13465,36311,7002.0,288
Winter Offer,Instagram,14693,37708,7159.0,348
Winter Offer,Google,3107,10188,4619.0,491
Festive Blast,LinkedIn,18821,26570,3567.0,79
Mega Discount,LinkedIn,10502,28396,3011.0,533
Summer Sale,LinkedIn,11408,20158,4888.0,136
Summer Sale,Instagram,12706,19842,9124.0,102
New Launch,Instagram,3356,15288,6439.0,669
Festive Blast,Facebook,2132,15581,3379.0,50
Summer Sale,LinkedIn,4442,22396,2781.0,591
New Launch,Google,13389,31659,4014.0,624
New Launch,Instagram,12918,33451,2347.0,362
Summer Sale,Google,3137,26588,2021.0,485
Festive Blast,LinkedIn,9231,12746,4649.0,377
New Launch,LinkedIn,12632,21968,9146.0,732
Winter Offer,LinkedIn,15626,36747,4498.0,435
Winter Offer,LinkedIn,14820,21476,9446.0,109
Summer Sale,Facebook,19010,26601,7263.0,284
Winter Offer,Facebook,12133,21960,7669.0,144
Mega Discount,Google,8667,29328,6362.0,332
Festive Blast,Instagram,6470,27582,5570.0,789
New Launch,Instagram,5502,28655,9798.0,54
New Launch,Instagram,17527,30054,7470.0,322
Summer Sale,Google,4317,9490,4842.0,263
Festive Blast,Facebook,18902,26126,1059.0,551
New Launch,LinkedIn,16835,30526,6818.0,408
Mega Discount,Instagram,16410,33320,5503.0,205
Winter Offer,Instagram,3799,16803,3300.0,207
Mega Discount,Google,18572,31328,7975.0,437
Winter Offer,LinkedIn,6943,15774,5956.0,412
Summer Sale,Google,12618,23225,4370.0,637
Winter Offer,LinkedIn,12037,22738,4087.0,463
Festive Blast,Instagram,12785,21674,6191.0,768
Summer Sale,Instagram,5291,9435,7054.0,606
Festive Blast,Google,13870,32437,8967.0,185
Summer Sale,Instagram,4062,12070,4278.0,286
Festive Blast,Facebook,5289,8522,5220.0,681
Summer Sale,Google,12085,23862,9618.0,313
Festive Blast,Instagram,4527,14480,6225.0,535
Summer Sale,Facebook,15589,37505,1343.0,717
Festive Blast,Instagram,17041,22856,567.0,587
Festive Blast,Instagram,17755,39933,9108.0,81
Summer Sale,Google,18326,28336,9364.0,753
Mega Discount,Google,8388,25226,6454.0,200
Mega Discount,Instagram,7626,19378,1007.0,785
Winter Offer,Instagram,15334,25087,570.0,297
Mega Discount,Facebook,3748,25717,,562
Summer Sale,Facebook,4421,24177,3462.0,275
Mega Discount,Instagram,19541,34607,4967.0,512
Mega Discount,Facebook,14504,20992,5537.0,190
Mega Discount,Google,8976,15959,2658.0,562
Festive Blast,Instagram,3836,8553,8292.0,613
Mega Discount,LinkedIn,2192,25989,7827.0,588
Festive Blast,Google,14892,32760,8185.0,591
Mega Discount,Instagram,6804,21095,3440.0,319
Summer Sale,Instagram,18759,39289,2917.0,248
New Launch,Google,16220,23481,4935.0,685
Mega Discount,LinkedIn,4145,27670,,63
Festive Blast,LinkedIn,2593,19913,5450.0,618
Mega Discount,LinkedIn,10810,24918,8431.0,458
Summer Sale,Google,3800,8512,2645.0,712
New Launch,Google,12889,17547,2561.0,378
Mega Discount,Facebook,12937,36698,2408.0,118
Winter Offer,Facebook,19706,40095,3928.0,698
Summer Sale,Google,8953,17275,1229.0,212
Festive Blast,Instagram,14381,29327,5810.0,519
New Launch,Instagram,4364,24752,3760.0,135
New Launch,Google,12004,33529,1895.0,528
Festive Blast,LinkedIn,7532,19954,5666.0,392
Mega Discount,Facebook,10279,24556,3151.0,629
Winter Offer,LinkedIn,10639,26846,4346.0,631
Mega Discount,LinkedIn,10989,18043,6392.0,572
New Launch,Instagram,19692,41102,3634.0,57
Summer Sale,Facebook,19220,29692,868.0,148
Mega Discount,Google,4874,26548,5801.0,347
Winter Offer,LinkedIn,6033,11381,9357.0,160
Summer Sale,Facebook,17558,25758,6330.0,280
New Launch,Google,7932,29876,965.0,391
New Launch,Facebook,10179,15252,1002.0,190
Festive Blast,Instagram,17035,37202,7753.0,550
New Launch,LinkedIn,19152,38757,7686.0,275
Mega Discount,Facebook,13716,20561,5443.0,630
Winter Offer,LinkedIn,15611,26498,2925.0,81
Summer Sale,Facebook,9796,13924,9790.0,771
Winter Offer,Instagram,4336,15096,8947.0,627
Summer Sale,LinkedIn,4086,25076,7320.0,260
Summer Sale,LinkedIn,18666,26204,7822.0,66
Summer Sale,Google,9881,34169,7762.0,124
Festive Blast,Google,13410,27347,7885.0,569
Summer Sale,Instagram,2734,13474,8617.0,686
New Launch,LinkedIn,9239,13328,8882.0,314
Winter Offer,Google,7995,15898,6983.0,241
Mega Discount,Facebook,17072,28158,6387.0,107
Winter Offer,Instagram,6503,14056,2102.0,295
Winter Offer,Instagram,12624,27856,7677.0,742
Festive Blast,LinkedIn,9361,23480,8811.0,474
New Launch,Instagram,5730,26311,4428.0,731
Summer Sale,LinkedIn,15330,24015,4033.0,241
Festive Blast,Facebook,6981,30592,1999.0,685
Festive Blast,Facebook,2659,15155,917.0,470
Festive Blast,LinkedIn,13266,30898,8445.0,703
Mega Discount,Facebook,4277,28619,2762.0,677
Winter Offer,Google,8159,21479,5622.0,741
New Launch,LinkedIn,4874,25675,5349.0,602
Summer Sale,Instagram,10035,30943,5938.0,574
Summer Sale,LinkedIn,3050,27134,9188.0,137
Winter Offer,Instagram,14794,37080,3345.0,705
New Launch,Instagram,5269,23720,9554.0,501
Winter Offer,Google,3366,13203,8163.0,408
New Launch,Google,16237,33965,,318
Festive Blast,Instagram,9609,27607,4681.0,551
Festive Blast,Instagram,5195,20898,8780.0,189
Festive Blast,LinkedIn,8587,11822,1976.0,769
Mega Discount,Instagram,10967,28389,8240.0,163
New Launch,Google,17558,22213,7494.0,713
Summer Sale,Instagram,10035,30943,5938.0,574
Winter Offer,LinkedIn,19658,36837,6811.0,514
Festive Blast,LinkedIn,8995,25233,2446.0,701
New Launch,Google,12889,17547,2561.0,378
